{
  "1": 0.03810628255208337,
  "2": 0.02298990885416674,
  "3": 0.00923665364583337,
  "4": 0.01556396484375,
  "5": 0.05338541666666663,
  "6": 0.01995849609375,
  "7": 0.01611328125000011,
  "8": 0.02199300130208337,
  "9": 0.02874755859375011,
  "10": 0.02815755208333337,
  "11": 0.02461751302083337,
  "12": 0.01869710286458337,
  "13": 0.02396647135416674,
  "14": 0.02152506510416663
}